Name,Count
"무녀도",3
"싸나희 순정",0
"월하의 작은 구멍",0
"라스트 나잇 인 소호",3
"고스트버스터즈 라이즈",5
"강릉",7
"화이트데이: 부서진 결계",0
"너에게 가는 길",3
"브라더",1
"팬텀: 더 뮤지컬 라이브",0
"로그 인 벨지움",3
"언힐러",0
"유체이탈자",18
"태일이",6
"막내며느리",0
"친구엄마 사용설명서 무삭제판",0
"라임크라임",0
"유부녀의 사육 무삭제판",0
"욕정의 목격자 무삭제판",0
"새엄마의 욕정중독 무삭제판",0
"킬링 카인드: 킬러의 수제자",0
"새엄마와 하기 좋은 날",0
"신의 손",0
"베네데타",4
"새엄마 중독 무삭제판",0
"불쾌한 섹스 무삭제판",0
"대물발킨 며늘님",0
"다다미 부인의 다다익선",0
"넣고 빼고 분출하라",0
"귀멸의 칼날: 주합회의·나비저택 편",0
"흥건한 우리 형수! 메구리",0
"회사 누나",0
"외로운 누나",0
"오르가즘! 절정의 아내",0
"마카오썸씽",0
"귀토-토끼의 팔란",0
"핫 블러드",0
"죽이러 간다",1
"장르만 로맨스",2
"연애 빠진 로맨스",4
"로또쉐어",0
"스와핑 : 맛있는 자매",0
"동창회에 가는 목적 무삭제",0
"쾌락 통제 불능: 음수가 된 마누라",0
"아바타의 후예1 : 쾌락의 행성",0
"나라의 섹시한 유혹",0
"젖 큰 그녀들의 경쟁섹스",0
"12시에 열리는 쾌락의 문",0
"타임 이즈 업",0
"카토 츠바키의 동정사냥",0
"유부녀의 필살 유혹기",0
"옆방엄마",0
"여상사의 성교육",0
"모리사와 카나의 동정탈출",0
"며느리의 벗방",0
"에이펙스",0
"사비나: 그리스도를 위한 고난, 나치 시대",0
"카토 츠바키의 동정여행",0
"아케미 미우의 노브라 트레이닝",0
"섹스돌:리얼 정사",0
"새엄마의 계곡물",0
"중독: 윗집 아가씨",0
"조개의 맛 무삭제",0
"수상한마사지샵-무삭제",0
"맛 : 엄마친구",0
"노브라 코브라 : 나나미 절정을 보았다",0
"구멍관계",0
"글래디에이터: 레전드 워리어",0
"AS센터 대신맨",0
"아내의 몸빵",0
"엔칸토: 마법의 세계",5
"언포기버블",1
"유부녀와 대물남",0
"세 여자의 유혹",0
"윤율의 VIP 미용실",0
"젖고만 동창녀",0
"혼숙생활 무삭제",0
"음욕 사촌동생 무삭제판",0
"엄마의 연애 2 무삭제",0
"새것 누구나 처음은 있었다 무삭제",0
"사내 섹스 보고서 무삭제",0
"맞고사는 남편 무삭제",0
"마지막 처녀 무삭제",0
"다른 맛 : 너무 다른 쌍둥이 형제 무삭제",0
"넣어준 관리인 무삭제판",0
"교회 여동생 무삭제",0
"형수님의 하얀 속살 무삭제",0
"나쁜 처제 3",0
"파워 오브 도그",7
"타짜: 백마의 올인",0
"일장춘몽: 결혼 후에도 잊지 못한 섹스",0
"이스케이프 슬립",0
"완벽한 섹파",0
"섹스라이팅",0
"자매 돌려먹기 - 무삭제판",0
"어쌔신 더 엑스",0
"승진섹스 - 무삭제판",0
"그녀의 사정",0
"밀애 : 예쁜 며느리 무삭제",0
"어느순간 내 입에 아!오이",0
"매력적인 장모님 무삭제",0
"떡 편한 세상",0
"프렌치 디스패치",9
"F20",0
"후겟츠 웨슬리",0
"뱅드림! 필름 라이브 세컨드 스테이지",0
"순정 뺏긴 여직원",0
"세 여자의 교환섹스",0
"발정난 형수와 두 남자",0
"거유녀들의 아찔한 가슴골",0
"싸반",0
"디어 에반 핸슨",5
"귀멸의 칼날: 나타구모산 편",0
"욕정의 요조숙녀",0
"옆집 누나:젖은 하루",0
"새엄마의 사정",0
"젊은 새엄마:달아오른 하루",0
"물 많은 후배:빼앗긴 남편",0
"거유녀와 나쁜놈들",0
"색다른 그녀",0
"젖스타그램",0
"옆집 아줌마",0
"섹시한지현의뽀얀속살",0
"미호의 오피스 라이프",0
"틱, 틱... 붐!",1
"케이지드",1
"흠뻑 젖은 새엄마",0
"촉촉한 며느리",0
"이웃여자:맛 보여줄게",0
"소원 들어주는 유부녀:한 번 합시다",0
"69번가육덕진가정교사-무삭제",0
"태양은 움직이지 않는다",0
"아담스 패밀리 2",2
"귀멸의 칼날: 남매의 연",1
"유부녀의 성욕",0
"색녀, 내 동생의 여자",0
"매일 밤 흥건한 유부녀",0
"끝내주는 명기 여상사",0
"불륜은 역시 이웃과",0
"시그널 X: 영혼의 구역",0
"세버그",1
"사대명포: 제국의 비밀",0
"아낌없이 주는 거유 새엄마",0
"이터널스",22
"흠뻑 젖은 친구여친",0
"팬티 두고 간 옆집 여자",0
"일본 누나:화끈 플레이",0
"이웃집에 AV걸이 산다",0
"연애 : 섹스의 기술 무삭제",0
"양방언과 국립국악관현악단-인투 더 라이트",0
"스와핑 : 옆집 신혼부부",0
"장모 무릎위 사위",0
"월세대신 몸세",0
"욕정 다이어리 : 에로부부 무삭제판",0
"스타킹 : 그녀의 음모",0
"섹스를 달리는 비행소녀 무삭제판",0
"성욕이 운다",0
"내 여친은 에로배우",0
"정사 : 딸의 남자친구 무삭제",0
"쉿!누나의 비밀 무삭제",0
"언노운 에이전트 더 미션",0
"맛 좋은 시골 무: 아래로 먹는 일본 새댁",0
"깨복쟁이",0
"보안노출",0
"자매사육 :캠핑에서 생긴일",0
"윤율아씨의 쓰리쿠션",0
"에로스 커플의 섹스고백",0
"스와핑 : 친구의 아내 3 무삭제",0
"이터널 친구엄마",0
"시아버지의 탐욕",0
"스토퀸 무삭제판",0
"섹스를 달리는 비행소녀",0
"새엄마의 욕정중독",0
"새엄마 중독",0
"맛좋은 소꿉친구 무삭제판",0
"다 받아주는 콜센터",0
"마마2",0
"섹스 연금 적립 워킹맘",0
"오빠 한번 믿어봐",0
"전지적 섹스 시점 : 전.섹.시",0
"출사모델의 성욕",0
"도련님의 물건 무삭제",0
"동생 아내 무삭제",0
"마누라는 이웃집 흑형 바디 프렌드",0
"음란전쟁",0
"아들아, 이건 아니지!",0
"스와핑 : 여자 헬스 트레이너",0
"고장난 론",2
"가슴 큰 친구여친 무삭제",0
"퍼펙트 스틸",0
"구원받은 도둑",0
"최면섹스:옆집여자",0
"처제의 봉사",0
"젖은 면접:질펀한 거래",0
"만취한 옆집여자의 서비스",0
"애프터: 관계의 함정",0
"할로윈 킬즈",0
"바다 탐험대 옥토넛 : 육지수호 대작전",0
"형수 안에 들락날락",0
"리얼돌과의 환상섹스",0
"남편 몰래 섹스 파티",0
"거유 바니걸 리나",0
"밤마다 불타는 아내의 성욕",0
"관음증 유부녀의 욕정",0
"풋풋한여대생소라의신음소리",0
"키스의 신",0
"사정의 콜센타",0
"탐스러운 친구여친",0
"음란한 큰가슴",0
"피치 오브 타임 극장판",0
"상상 특급 섹스",0
"더 하더 데이 폴",2
"라스트 듀얼: 최후의 결투",2
"듄",27
"남의 여자 맛본 남편",0
"베놈 2: 렛 데어 비 카니지",0
"킬링 오브 투 러버스",0
"푸른 호수",0
"친구 엄마의 성교육",0
"욕정의 고향",0
"바람난 남편",0
"물 오른 엄마친구",0
"흥건한 장모의 사생활",0
"젖은 며느리",0
"에로소설가의 질펀한 스킬",0
"쉬지않는 며느리",0
"속궁합 짝꿍",0
"선배가 해주는 섹스교육",0
"눈떠보니 남편상사",0
"졸트",0
"스페이스 독 3: 트로피컬 어드벤처",0
"바바리안",0
"19번가물많은여자친구-무삭제",0
"부적절한 삽입",0
"뒷골목 러브호텔",0
"옆집 돌싱맘의 맛",0
"세컨드 샷",0
"불타는 밤:한 번 해봅시다",0
"내 아내가 다른 남자와 한다",0
"과부형수",0
"만족한 장모님",0
"기운센 새아들",0
"컴백트레일",0
"매직 스쿨: 초보마법사 아우라의 대모험",0
