Title,Genre,Director
무녀도,"뮤지컬,애니메이션",안재훈
싸나희 순정,"드라마,코미디",정병각
월하의 작은 구멍,"멜로/로맨스,드라마",윤준세
라스트 나잇 인 소호,"공포(호러),스릴러,미스터리",에드가 라이트
고스트버스터즈 라이즈,"어드벤처,미스터리,액션",제이슨 라이트맨
강릉,"범죄,액션",윤영빈
화이트데이: 부서진 결계,공포(호러),송운
너에게 가는 길,다큐멘터리,변규리
브라더,"범죄,액션",신근호
팬텀: 더 뮤지컬 라이브,"뮤지컬,공연",박재석
로그 인 벨지움,다큐멘터리,유태오
언힐러,"SF,스릴러",마틴 귀귀
유체이탈자,"판타지,액션",윤재근
태일이,애니메이션,홍준표
막내며느리,"성인물(에로),드라마",이시영
친구엄마 사용설명서 무삭제판,멜로/로맨스,
라임크라임,드라마,"이승환,유재욱"
유부녀의 사육 무삭제판,멜로/로맨스,나기라 겐조
욕정의 목격자 무삭제판,멜로/로맨스,
새엄마의 욕정중독 무삭제판,멜로/로맨스,
킬링 카인드: 킬러의 수제자,"액션,범죄,스릴러",마틴 캠벨
새엄마와 하기 좋은 날,멜로/로맨스,
신의 손,드라마,파올로 소렌티노
베네데타,드라마,폴 버호벤
새엄마 중독 무삭제판,멜로/로맨스,
불쾌한 섹스 무삭제판,멜로/로맨스,류타
대물발킨 며늘님,멜로/로맨스,
다다미 부인의 다다익선,멜로/로맨스,
넣고 빼고 분출하라,멜로/로맨스,
귀멸의 칼날: 주합회의·나비저택 편,애니메이션,소토자키 하루오
흥건한 우리 형수! 메구리,드라마,
회사 누나,성인물(에로),강현성
외로운 누나,성인물(에로),강현성
오르가즘! 절정의 아내,드라마,아사기리 키요시
마카오썸씽,"성인물(에로),드라마",리차드 킴
귀토-토끼의 팔란,공연,고선웅
핫 블러드,액션,신재명
죽이러 간다,드라마,박남원
장르만 로맨스,"드라마,코미디",조은지
연애 빠진 로맨스,"멜로/로맨스,코미디",정가영
로또쉐어,"스릴러,액션,범죄",소재익
스와핑 : 맛있는 자매,"멜로/로맨스,드라마",한대위
동창회에 가는 목적 무삭제,"멜로/로맨스,드라마",조태호
쾌락 통제 불능: 음수가 된 마누라,드라마,
아바타의 후예1 : 쾌락의 행성,멜로/로맨스,악셀 브라운
나라의 섹시한 유혹,드라마,이로운
젖 큰 그녀들의 경쟁섹스,멜로/로맨스,김모리
12시에 열리는 쾌락의 문,멜로/로맨스,
타임 이즈 업,멜로/로맨스,
카토 츠바키의 동정사냥,"멜로/로맨스,드라마",타로 타코야키
유부녀의 필살 유혹기,"멜로/로맨스,드라마",사노 B사쿠
옆방엄마,드라마,한동호
여상사의 성교육,"멜로/로맨스,드라마",토미죠 타로
모리사와 카나의 동정탈출,"멜로/로맨스,드라마",쿠도 타이요
며느리의 벗방,"멜로/로맨스,드라마",사쿠라비토
에이펙스,"액션,스릴러",
"사비나: 그리스도를 위한 고난, 나치 시대",드라마,존 그루터스
카토 츠바키의 동정여행,"멜로/로맨스,드라마",히로아키
아케미 미우의 노브라 트레이닝,"멜로/로맨스,드라마",하만
섹스돌:리얼 정사,"멜로/로맨스,드라마",쿠도 타이요
새엄마의 계곡물,"멜로/로맨스,드라마",히로아키
중독: 윗집 아가씨,성인물(에로),리윤
조개의 맛 무삭제,"멜로/로맨스,드라마",조태호
수상한마사지샵-무삭제,멜로/로맨스,천성준
맛 : 엄마친구,"멜로/로맨스,드라마",신승엽
노브라 코브라 : 나나미 절정을 보았다,드라마,아사기리 키요시
구멍관계,"성인물(에로),멜로/로맨스",리차드 킴
글래디에이터: 레전드 워리어,액션,
AS센터 대신맨,멜로/로맨스,"Mr.나,남욱재"
아내의 몸빵,"멜로/로맨스,드라마",신승엽
엔칸토: 마법의 세계,애니메이션,"바이론 하워드,자레드 부시,채리스 카스트로 스미스"
언포기버블,드라마,
유부녀와 대물남,성인물(에로),강현성
세 여자의 유혹,성인물(에로),강현성
윤율의 VIP 미용실,멜로/로맨스,남욱재
젖고만 동창녀,드라마,
혼숙생활 무삭제,멜로/로맨스,윤경식
음욕 사촌동생 무삭제판,멜로/로맨스,테이 쟈가
엄마의 연애 2 무삭제,멜로/로맨스,한대위
새것 누구나 처음은 있었다 무삭제,멜로/로맨스,윤경식
사내 섹스 보고서 무삭제,멜로/로맨스,윤경식
맞고사는 남편 무삭제,멜로/로맨스,윤경식
마지막 처녀 무삭제,멜로/로맨스,윤경식
다른 맛 : 너무 다른 쌍둥이 형제 무삭제,멜로/로맨스,윤경식
넣어준 관리인 무삭제판,멜로/로맨스,나기라 겐조
교회 여동생 무삭제,멜로/로맨스,윤경식
형수님의 하얀 속살 무삭제,"멜로/로맨스,드라마",김환
나쁜 처제 3,"멜로/로맨스,드라마",한대위
파워 오브 도그,"드라마,멜로/로맨스",제인 캠피온
타짜: 백마의 올인,성인물(에로),김동현
일장춘몽: 결혼 후에도 잊지 못한 섹스,드라마,비바 곤조
이스케이프 슬립,공포(호러),필립 구즈먼
완벽한 섹파,멜로/로맨스,김레이
섹스라이팅,성인물(에로),성이성
자매 돌려먹기 - 무삭제판,멜로/로맨스,김종석
어쌔신 더 엑스,액션,아트 카마초
승진섹스 - 무삭제판,멜로/로맨스,김종석
그녀의 사정,성인물(에로),성운아
밀애 : 예쁜 며느리 무삭제,"멜로/로맨스,드라마",최찬호
어느순간 내 입에 아!오이,드라마,아사기리 키요시
매력적인 장모님 무삭제,멜로/로맨스,최찬호
떡 편한 세상,성인물(에로),리윤
프렌치 디스패치,"코미디,드라마,멜로/로맨스",웨스 앤더슨
F20,스릴러,홍은미
후겟츠 웨슬리,"코미디,멜로/로맨스",헉 봇코
뱅드림! 필름 라이브 세컨드 스테이지,"애니메이션,공연",우메츠 토모미
순정 뺏긴 여직원,멜로/로맨스,아사기리 키요시
세 여자의 교환섹스,"멜로/로맨스,드라마",쿠도 타이요
발정난 형수와 두 남자,"멜로/로맨스,드라마",쿠도 타이요
거유녀들의 아찔한 가슴골,"멜로/로맨스,드라마",타로 코아라
싸반,"공포(호러),스릴러",소폰 사크다피싯
디어 에반 핸슨,"뮤지컬,드라마",스티븐 크보스키
귀멸의 칼날: 나타구모산 편,애니메이션,소토자키 하루오
욕정의 요조숙녀,성인물(에로),강현성
옆집 누나:젖은 하루,"멜로/로맨스,드라마",사쿠라비토
새엄마의 사정,"멜로/로맨스,드라마",사노 B사쿠
젊은 새엄마:달아오른 하루,"멜로/로맨스,드라마",히로아키
물 많은 후배:빼앗긴 남편,"멜로/로맨스,드라마",윌 친친
거유녀와 나쁜놈들,성인물(에로),강현성
색다른 그녀,"멜로/로맨스,코미디",김진영
젖스타그램,멜로/로맨스,김모리
옆집 아줌마,"멜로/로맨스,드라마",이영인
섹시한지현의뽀얀속살,멜로/로맨스,이희성
미호의 오피스 라이프,"멜로/로맨스,드라마",윤준세
"틱, 틱... 붐!","드라마,뮤지컬",린-마누엘 미란다
케이지드,"스릴러,드라마,공포(호러),범죄",아론 피옐맨
흠뻑 젖은 새엄마,"멜로/로맨스,드라마",히로아키
촉촉한 며느리,"멜로/로맨스,드라마",사쿠라비토
이웃여자:맛 보여줄게,"멜로/로맨스,드라마",조니 시부야
소원 들어주는 유부녀:한 번 합시다,"멜로/로맨스,드라마",토미죠 타로
69번가육덕진가정교사-무삭제,성인물(에로),이희성
태양은 움직이지 않는다,액션,하스미 에이이치로
아담스 패밀리 2,"애니메이션,코미디,가족","그렉 티어넌,콘래드 베논"
귀멸의 칼날: 남매의 연,애니메이션,소토자키 하루오
유부녀의 성욕,성인물(에로),강현성
"색녀, 내 동생의 여자",성인물(에로),강현성
매일 밤 흥건한 유부녀,드라마,아사기리 키요시
끝내주는 명기 여상사,드라마,아사기리 키요시
불륜은 역시 이웃과,멜로/로맨스,미시마 로쿠사부로
시그널 X: 영혼의 구역,"미스터리,SF",닐 블롬캠프
세버그,"드라마,스릴러",
사대명포: 제국의 비밀,"액션,미스터리",
아낌없이 주는 거유 새엄마,"멜로/로맨스,드라마",사쿠라비토
이터널스,"액션,어드벤처,드라마",클로이 자오
흠뻑 젖은 친구여친,"멜로/로맨스,드라마",K-타로
팬티 두고 간 옆집 여자,"멜로/로맨스,드라마",버드맨 텟페이
일본 누나:화끈 플레이,"멜로/로맨스,드라마",쿠와티
이웃집에 AV걸이 산다,"멜로/로맨스,드라마",버드맨 텟페이
연애 : 섹스의 기술 무삭제,멜로/로맨스,한대위
양방언과 국립국악관현악단-인투 더 라이트,공연,양방언
스와핑 : 옆집 신혼부부,"멜로/로맨스,드라마",최찬호
장모 무릎위 사위,멜로/로맨스,
월세대신 몸세,멜로/로맨스,
욕정 다이어리 : 에로부부 무삭제판,멜로/로맨스,
스타킹 : 그녀의 음모,멜로/로맨스,윤수현
섹스를 달리는 비행소녀 무삭제판,멜로/로맨스,핑크라이더
성욕이 운다,멜로/로맨스,
내 여친은 에로배우,"코미디,멜로/로맨스",이상수
정사 : 딸의 남자친구 무삭제,성인물(에로),최찬호
쉿!누나의 비밀 무삭제,"성인물(에로),멜로/로맨스,드라마",패콘
언노운 에이전트 더 미션,액션,
맛 좋은 시골 무: 아래로 먹는 일본 새댁,드라마,
깨복쟁이,드라마,김훈희
보안노출,"성인물(에로),범죄",리차드 킴
자매사육 :캠핑에서 생긴일,"드라마,성인물(에로)",한동호
윤율아씨의 쓰리쿠션,"드라마,멜로/로맨스",김태훈
에로스 커플의 섹스고백,드라마,이로운
스와핑 : 친구의 아내 3 무삭제,"멜로/로맨스,드라마",최찬호
이터널 친구엄마,멜로/로맨스,
시아버지의 탐욕,멜로/로맨스,
스토퀸 무삭제판,멜로/로맨스,에로핑
섹스를 달리는 비행소녀,멜로/로맨스,핑크라이더
새엄마의 욕정중독,멜로/로맨스,
새엄마 중독,멜로/로맨스,
맛좋은 소꿉친구 무삭제판,멜로/로맨스,에로핑
다 받아주는 콜센터,멜로/로맨스,Mr.나
마마2,공포(호러),래리 리긴스
섹스 연금 적립 워킹맘,드라마,
오빠 한번 믿어봐,멜로/로맨스,김종석
전지적 섹스 시점 : 전.섹.시,드라마,이로운
출사모델의 성욕,"성인물(에로),드라마",핑크라이더
도련님의 물건 무삭제,"멜로/로맨스,드라마",신우찬
동생 아내 무삭제,성인물(에로),최찬호
마누라는 이웃집 흑형 바디 프렌드,드라마,
음란전쟁,멜로/로맨스,이동현
"아들아, 이건 아니지!",드라마,한동호
스와핑 : 여자 헬스 트레이너,"멜로/로맨스,드라마",최찬호
고장난 론,애니메이션,"사라 스미스,장 필립 바인,옥타비오 E. 로드리게즈"
가슴 큰 친구여친 무삭제,멜로/로맨스,한대위
퍼펙트 스틸,"범죄,액션",
구원받은 도둑,드라마,
최면섹스:옆집여자,"멜로/로맨스,드라마",쿠도 타이요
처제의 봉사,"멜로/로맨스,드라마",나가에 타카미
젖은 면접:질펀한 거래,"멜로/로맨스,드라마",K-타로
만취한 옆집여자의 서비스,"멜로/로맨스,드라마",디렉터 O
애프터: 관계의 함정,멜로/로맨스,
할로윈 킬즈,공포(호러),데이빗 고든 그린
바다 탐험대 옥토넛 : 육지수호 대작전,"애니메이션,액션,어드벤처",
형수 안에 들락날락,"멜로/로맨스,드라마",버드맨 텟페이
리얼돌과의 환상섹스,"멜로/로맨스,드라마",쿠도 타이요
남편 몰래 섹스 파티,"멜로/로맨스,드라마",나가에 타카미
거유 바니걸 리나,"멜로/로맨스,드라마",버드맨 텟페이
밤마다 불타는 아내의 성욕,드라마,
관음증 유부녀의 욕정,드라마,
풋풋한여대생소라의신음소리,멜로/로맨스,이희성
키스의 신,"성인물(에로),코미디",이시영
사정의 콜센타,"멜로/로맨스,드라마",윤준세
탐스러운 친구여친,멜로/로맨스,마메자와 마메타로
음란한 큰가슴,멜로/로맨스,
피치 오브 타임 극장판,"멜로/로맨스,드라마",장의순
상상 특급 섹스,성인물(에로),강현성
더 하더 데이 폴,"액션,어드벤처",
라스트 듀얼: 최후의 결투,"액션,스릴러",리들리 스콧
듄,SF,드니 빌뇌브
남의 여자 맛본 남편,성인물(에로),강현성
베놈 2: 렛 데어 비 카니지,"액션,SF,스릴러",앤디 서키스
킬링 오브 투 러버스,멜로/로맨스,
푸른 호수,드라마,저스틴 전
친구 엄마의 성교육,성인물(에로),사루
욕정의 고향,성인물(에로),정지승
바람난 남편,"멜로/로맨스,드라마",이영인
물 오른 엄마친구,멜로/로맨스,카와이 조지
흥건한 장모의 사생활,"멜로/로맨스,드라마",버드맨 텟페이
젖은 며느리,"멜로/로맨스,드라마",버드맨 텟페이
에로소설가의 질펀한 스킬,"멜로/로맨스,드라마",히이라기 엔부
쉬지않는 며느리,멜로/로맨스,토미죠 타로
속궁합 짝꿍,"멜로/로맨스,드라마",윤준세
선배가 해주는 섹스교육,"멜로/로맨스,드라마",쿠와티
눈떠보니 남편상사,멜로/로맨스,
졸트,액션,타니아 웩슬러
스페이스 독 3: 트로피컬 어드벤처,"애니메이션,어드벤처",이나 예블라니코바
바바리안,드라마,
19번가물많은여자친구-무삭제,성인물(에로),이희성
부적절한 삽입,성인물(에로),강현성
뒷골목 러브호텔,성인물(에로),강현성
옆집 돌싱맘의 맛,"멜로/로맨스,드라마",디렉터 O
세컨드 샷,"멜로/로맨스,드라마",이희성
불타는 밤:한 번 해봅시다,"멜로/로맨스,드라마",K-타로
내 아내가 다른 남자와 한다,"멜로/로맨스,드라마",사쿠라비토
과부형수,"멜로/로맨스,드라마",쿠도 타이요
만족한 장모님,멜로/로맨스,마메자와 마메타로
기운센 새아들,멜로/로맨스,
컴백트레일,"코미디,범죄",조지 갈로
매직 스쿨: 초보마법사 아우라의 대모험,"애니메이션,판타지",
